RI,Na,Mg,Al,Si,K,Ca,Ba,Fe,Type,Na_Mg_ratio,Ca_Si_ratio,Alkali_total,Heavy_minerals,Mg_Al_interaction,Na_Ca_interaction,log_Ba,log_Fe,Composition_score
1.52101,13.64,4.49,1.1,71.78,0.06,8.75,0.0,0.0,1,3.0378612387836883,0.12190024906798204,13.700000000000001,0.0,4.939000000000001,119.35000000000001,0.0,0.0,99.82000000000001
1.51761,13.89,3.6,1.36,72.73,0.48,7.83,0.0,0.0,1,3.858332261574372,0.10765846132739638,14.370000000000001,0.0,4.896000000000001,108.7587,0.0,0.0,99.89000000000001
1.51618,13.53,3.55,1.54,72.99,0.39,7.78,0.0,0.0,1,3.8112665320375965,0.1065899423675854,13.92,0.0,5.467,105.2634,0.0,0.0,99.77999999999999
1.51766,13.21,3.69,1.29,72.61,0.57,8.22,0.0,0.0,1,3.579944829283244,0.1132075456106935,13.780000000000001,0.0,4.7601,108.58620000000002,0.0,0.0,99.58999999999999
1.51742,13.27,3.62,1.24,73.08,0.55,8.07,0.0,0.0,1,3.665744843716894,0.11042692788140494,13.82,0.0,4.4888,107.0889,0.0,0.0,99.82999999999998
1.51596,12.79,3.61,1.62,72.97,0.64,8.07,0.0,0.26,1,3.54293530666612,0.11059339303010289,13.43,0.26,5.8482,103.2153,0.0,0.2311117209633866,99.96
1.51743,13.3,3.6,1.14,73.09,0.58,8.17,0.0,0.0,1,3.6944434182101618,0.11177999573430024,13.88,0.0,4.104,108.661,0.0,0.0,99.88000000000001
1.51756,13.15,3.61,1.05,73.24,0.57,8.24,0.0,0.0,1,3.642658270731781,0.11250682533442348,13.72,0.0,3.7905,108.35600000000001,0.0,0.0,99.85999999999999
1.51918,14.04,3.58,1.37,72.08,0.56,8.3,0.0,0.0,1,3.921786614026085,0.11514983192078482,14.6,0.0,4.9046,116.532,0.0,0.0,99.92999999999999
1.51755,13.0,3.6,1.36,72.99,0.57,8.4,0.0,0.11,1,3.61111010802497,0.11508425654083772,13.57,0.11,4.896000000000001,109.2,0.0,0.10436001532424286,100.02999999999999
1.51571,12.72,3.46,1.56,73.2,0.67,8.09,0.0,0.24,1,3.6762995155203715,0.110519124173236,13.39,0.24,5.3976,102.90480000000001,0.0,0.2151113796169455,99.94
1.51763,12.8,3.66,1.27,73.01,0.6,8.56,0.0,0.0,1,3.4972668040254633,0.1172442115156251,13.4,0.0,4.6482,109.56800000000001,0.0,0.0,99.9
1.51589,12.88,3.43,1.4,73.28,0.69,8.05,0.0,0.24,1,3.7551009460347093,0.10985261858825576,13.57,0.24,4.802,103.68400000000001,0.0,0.2151113796169455,99.97
1.51748,12.86,3.56,1.27,73.21,0.54,8.38,0.0,0.17,1,3.6123585358543435,0.11446523542596321,13.399999999999999,0.17,4.5212,107.7668,0.0,0.1570037488096647,99.99
1.51763,12.61,3.59,1.31,73.29,0.58,8.5,0.0,0.0,1,3.512533840519821,0.11597762155849882,13.19,0.0,4.7029,107.185,0.0,0.0,99.88000000000001
1.51761,12.81,3.54,1.23,73.24,0.58,8.39,0.0,0.0,1,3.6186430455810603,0.11455488647522002,13.39,0.0,4.3542,107.47590000000001,0.0,0.0,99.78999999999999
1.51784,12.68,3.67,1.16,73.11,0.61,8.7,0.0,0.0,1,3.455039930506831,0.1189987673505845,13.29,0.0,4.257199999999999,110.31599999999999,0.0,0.0,99.93
1.52196,14.36,3.85,0.89,71.36,0.15,9.15,0.0,0.0,1,3.7298691610729446,0.12822309237355534,14.51,0.0,3.4265000000000003,131.394,0.0,0.0,99.76000000000002
1.51911,13.9,3.73,1.18,72.12,0.06,8.89,0.0,0.0,1,3.7265405558872504,0.12326677588371082,13.96,0.0,4.4014,123.57100000000001,0.0,0.0,99.88000000000001
1.51735,13.02,3.54,1.69,72.73,0.54,8.44,0.0,0.07,1,3.6779650627217335,0.11604564669262138,13.559999999999999,0.07,5.9826,109.88879999999999,0.0,0.06765864847381486,100.03
1.5175,12.82,3.55,1.49,72.75,0.54,8.52,0.0,0.19,1,3.611266588375609,0.11711340045204947,13.36,0.19,5.289499999999999,109.2264,0.0,0.17395330712343798,99.86
1.51966,14.77,3.75,0.29,72.02,0.03,9.0,0.0,0.0,1,3.9386656163558356,0.1249652856850141,14.799999999999999,0.0,1.0875,132.93,0.0,0.0,99.86
1.51736,12.78,3.62,1.29,72.79,0.59,8.7,0.0,0.0,1,3.530385765086805,0.11952191070858756,13.37,0.0,4.6698,111.18599999999998,0.0,0.0,99.77000000000001
1.51751,12.81,3.57,1.35,73.02,0.62,8.59,0.0,0.0,1,3.5882342890100034,0.1176390014018214,13.43,0.0,4.8195,110.03790000000001,0.0,0.0,99.96000000000001
1.5172,13.38,3.5,1.15,72.85,0.5,8.43,0.0,0.0,1,3.822856050612557,0.11571722559070384,13.88,0.0,4.0249999999999995,112.7934,0.0,0.0,99.81
1.51764,12.98,3.54,1.21,73.0,0.65,8.53,0.0,0.0,1,3.666665630885415,0.11684931346781761,13.63,0.0,4.2834,110.7194,0.0,0.0,99.91000000000001
1.51793,13.21,3.48,1.41,72.64,0.59,8.43,0.0,0.0,1,3.7959759206965744,0.11605176051690859,13.8,0.0,4.9068,111.36030000000001,0.0,0.0,99.76000000000002
1.51721,12.87,3.48,1.33,73.04,0.56,8.43,0.0,0.0,1,3.6982747993463216,0.11541620871555025,13.43,0.0,4.6284,108.49409999999999,0.0,0.0,99.71000000000001
1.51768,12.56,3.52,1.43,73.15,0.57,8.54,0.0,0.0,1,3.5681808044940895,0.1167464098872671,13.13,0.0,5.0336,107.2624,0.0,0.0,99.77000000000001
1.51784,13.08,3.49,1.28,72.86,0.6,8.49,0.0,0.0,1,3.747849928982828,0.1165248405637546,13.68,0.0,4.4672,111.0492,0.0,0.0,99.8
1.51768,12.65,3.56,1.3,73.08,0.61,8.69,0.0,0.14,1,3.553369788379273,0.1189107810767545,13.26,0.14,4.628,109.9285,0.0,0.1310282624064042,100.03
1.51747,12.84,3.5,1.14,73.27,0.56,8.55,0.0,0.0,1,3.6685703804084624,0.11669168668361286,13.4,0.0,3.9899999999999998,109.78200000000001,0.0,0.0,99.86
1.51775,12.85,3.48,1.23,72.97,0.61,8.56,0.09,0.22,1,3.692527674561013,0.11730848133056762,13.459999999999999,0.31,4.2804,109.99600000000001,0.08617769624105241,0.19885085874516517,100.01
1.51753,12.57,3.47,1.38,73.39,0.6,8.55,0.0,0.06,1,3.6224773422255496,0.11650088409182609,13.17,0.06,4.7886,107.47350000000002,0.0,0.05826890812397583,100.02
1.51783,12.69,3.54,1.34,72.95,0.57,8.75,0.0,0.0,1,3.584744750072104,0.11994516627902445,13.26,0.0,4.743600000000001,111.0375,0.0,0.0,99.84
1.51567,13.29,3.45,1.21,72.74,0.56,8.57,0.0,0.0,1,3.8521727964716526,0.11781688042594338,13.85,0.0,4.1745,113.89529999999999,0.0,0.0,99.82
1.51909,13.89,3.53,1.32,71.81,0.51,8.78,0.11,0.0,1,3.9348430779481367,0.12226709201689051,14.4,0.11,4.6596,121.9542,0.10436001532424286,0.0,99.95000000000002
1.51797,12.74,3.48,1.35,72.96,0.64,8.68,0.0,0.0,1,3.6609184882418138,0.11896929661500417,13.38,0.0,4.698,110.5832,0.0,0.0,99.85
1.52213,14.21,3.82,0.47,71.77,0.11,9.57,0.0,0.0,1,3.7198943141637923,0.13334262040765474,14.32,0.0,1.7953999999999999,135.9897,0.0,0.0,99.94999999999999
1.52213,14.21,3.82,0.47,71.77,0.11,9.57,0.0,0.0,1,3.7198943141637923,0.13334262040765474,14.32,0.0,1.7953999999999999,135.9897,0.0,0.0,99.94999999999999
1.51793,12.79,3.5,1.12,73.03,0.64,8.77,0.0,0.0,1,3.6542846702043796,0.12008763357404308,13.43,0.0,3.9200000000000004,112.16829999999999,0.0,0.0,99.85
1.51755,12.71,3.42,1.2,73.2,0.59,8.64,0.0,0.0,1,3.7163731823470227,0.11803278527277616,13.3,0.0,4.104,109.81440000000002,0.0,0.0,99.76
1.51779,13.21,3.39,1.33,72.76,0.59,8.59,0.0,0.0,1,3.8967540127569285,0.11805937165943689,13.8,0.0,4.5087,113.4739,0.0,0.0,99.87
1.5221,13.73,3.84,0.72,71.76,0.17,9.74,0.0,0.0,1,3.575519902208359,0.1357302099257217,13.9,0.0,2.7647999999999997,133.7302,0.0,0.0,99.96000000000001
1.51786,12.73,3.43,1.19,72.95,0.62,8.76,0.0,0.3,1,3.7113691803588393,0.12008224646905762,13.35,0.3,4.0817,111.5148,0.0,0.26236426446749106,99.98000000000002
1.519,13.49,3.48,1.35,71.95,0.55,9.0,0.0,0.0,1,3.8764356676909,0.12508686414055784,14.040000000000001,0.0,4.698,121.41,0.0,0.0,99.82000000000001
1.51869,13.19,3.37,1.18,72.72,0.57,8.83,0.0,0.16,1,3.913945426128953,0.12142464079449064,13.76,0.16,3.9766,116.4677,0.0,0.14842000511827322,100.01999999999998
1.52667,13.99,3.7,0.71,71.57,0.02,9.82,0.0,0.1,1,3.7810800591675515,0.13720832559440654,14.01,0.1,2.627,137.3818,0.0,0.09531017980432495,99.91
1.52223,13.21,3.77,0.79,71.99,0.13,10.02,0.0,0.0,1,3.503977850403753,0.1391859961218781,13.340000000000002,0.0,2.9783,132.3642,0.0,0.0,99.90999999999998
1.51898,13.58,3.35,1.23,72.08,0.59,8.91,0.0,0.0,1,4.053730133214885,0.12361265089327622,14.17,0.0,4.1205,120.9978,0.0,0.0,99.74
1.5232,13.72,3.72,0.51,71.75,0.09,10.06,0.0,0.16,1,3.6881710515669215,0.1402090572793163,13.81,0.16,1.8972000000000002,138.0232,0.0,0.14842000511827322,100.01
1.51926,13.2,3.33,1.28,72.36,0.6,9.14,0.0,0.11,1,3.9639627735847522,0.1263128782986059,13.799999999999999,0.11,4.2624,120.648,0.0,0.10436001532424286,100.02
1.51808,13.43,2.87,1.19,72.84,0.55,9.03,0.0,0.0,1,4.679440878243596,0.12397034426180197,13.98,0.0,3.4153,121.27289999999999,0.0,0.0,99.91000000000001
1.51837,13.14,2.84,1.28,72.85,0.55,9.07,0.0,0.0,1,4.626758934239812,0.12450240048726974,13.690000000000001,0.0,3.6351999999999998,119.17980000000001,0.0,0.0,99.72999999999999
1.51778,13.21,2.81,1.29,72.98,0.51,9.02,0.0,0.09,1,4.701065942681159,0.12359550392442444,13.72,0.09,3.6249000000000002,119.1542,0.0,0.08617769624105241,99.91000000000001
1.51769,12.45,2.71,1.29,73.7,0.56,9.06,0.0,0.24,1,4.5940942457216805,0.12293079887475172,13.01,0.24,3.4959000000000002,112.797,0.0,0.2151113796169455,100.01
1.51215,12.99,3.47,1.12,72.98,0.62,8.35,0.0,0.31,1,3.7435147713213914,0.11441490662626874,13.61,0.31,3.8864000000000005,108.4665,0.0,0.2700271372130602,99.84
1.51824,12.87,3.48,1.29,72.95,0.6,8.43,0.0,0.0,1,3.6982747993463216,0.11555860019796298,13.469999999999999,0.0,4.4892,108.49409999999999,0.0,0.0,99.62
1.51754,13.48,3.74,1.17,72.99,0.59,8.03,0.0,0.0,1,3.6042771111558523,0.11001506905034841,14.07,0.0,4.3758,108.2444,0.0,0.0,100.0
1.51754,13.39,3.66,1.19,72.79,0.57,8.27,0.0,0.11,1,3.658468945773512,0.11361450592643897,13.96,0.11,4.3554,110.7353,0.0,0.10436001532424286,99.97999999999999
1.51905,13.6,3.62,1.11,72.64,0.14,8.76,0.0,0.0,1,3.7569050395289945,0.12059471199621817,13.74,0.0,4.0182,119.136,0.0,0.0,99.87
1.51977,13.81,3.58,1.32,71.72,0.12,8.67,0.69,0.0,1,3.8575408219159715,0.1208867802441888,13.93,0.69,4.7256,119.73270000000001,0.524728528934982,0.0,99.91000000000001
1.52172,13.51,3.86,0.88,71.79,0.23,9.54,0.0,0.11,1,3.4999990932644836,0.13288758694960875,13.74,0.11,3.3968,128.88539999999998,0.0,0.10436001532424286,99.92
1.52227,14.17,3.81,0.78,71.35,0.0,9.69,0.0,0.0,1,3.7191591288296246,0.1358093884259371,14.17,0.0,2.9718,137.3073,0.0,0.0,99.8
1.52172,13.48,3.74,0.9,72.01,0.18,9.61,0.0,0.07,1,3.6042771111558523,0.13345368513465233,13.66,0.07,3.366,129.5428,0.0,0.06765864847381486,99.99
1.52099,13.69,3.59,1.12,71.96,0.09,9.4,0.0,0.0,1,3.8133694113177126,0.13062812492178816,13.78,0.0,4.0208,128.686,0.0,0.0,99.85000000000001
1.52152,13.05,3.65,0.87,72.22,0.19,9.85,0.0,0.17,1,3.575341486207812,0.13638881007492648,13.24,0.17,3.1755,128.5425,0.0,0.1570037488096647,99.99999999999999
1.52152,13.05,3.65,0.87,72.32,0.19,9.85,0.0,0.17,1,3.575341486207812,0.13620021935563859,13.24,0.17,3.1755,128.5425,0.0,0.1570037488096647,100.09999999999998
1.52152,13.12,3.58,0.9,72.2,0.23,9.82,0.0,0.16,1,3.6648034455856293,0.13601107844860003,13.35,0.16,3.222,128.8384,0.0,0.14842000511827322,100.00999999999999
1.523,13.31,3.58,0.82,71.99,0.12,10.17,0.0,0.03,1,3.717876056459202,0.1412696188183134,13.43,0.03,2.9356,135.36270000000002,0.0,0.029558802241544425,100.02
1.51574,14.86,3.67,1.74,71.87,0.16,7.36,0.0,0.12,2,4.049045218243809,0.1024071225489478,15.02,0.12,6.3858,109.3696,0.0,0.11332868530700327,99.78
1.51848,13.64,3.87,1.27,71.96,0.54,8.32,0.0,0.32,2,3.52454689288194,0.11561978716481676,14.18,0.32,4.9149,113.4848,0.0,0.2776317365982795,99.91999999999999
1.51593,13.09,3.59,1.52,73.1,0.67,7.83,0.0,0.0,2,3.646238538652218,0.10711354162635375,13.76,0.0,5.456799999999999,102.4947,0.0,0.0,99.8
1.51631,13.34,3.57,1.57,72.87,0.61,7.89,0.0,0.0,2,3.7366936311782544,0.108275008806436,13.95,0.0,5.6049,105.2526,0.0,0.0,99.85000000000001
1.51596,13.02,3.56,1.54,73.11,0.72,7.9,0.0,0.0,2,3.6573023434543974,0.10805635196202501,13.74,0.0,5.4824,102.858,0.0,0.0,99.85
1.5159,13.02,3.58,1.51,73.12,0.69,7.96,0.0,0.0,2,3.6368704924942756,0.10886214293131642,13.709999999999999,0.0,5.4058,103.6392,0.0,0.0,99.88
1.51645,13.44,3.61,1.54,72.39,0.66,8.03,0.0,0.0,2,3.722990658451341,0.11092692207588171,14.1,0.0,5.5594,107.9232,0.0,0.0,99.67
1.51627,13.0,3.58,1.54,72.83,0.61,8.04,0.0,0.0,2,3.631283901876005,0.1103940668626381,13.61,0.0,5.5132,104.51999999999998,0.0,0.0,99.6
1.51613,13.92,3.52,1.25,72.88,0.37,7.94,0.0,0.14,2,3.9545443310953603,0.10894621145792796,14.29,0.14,4.4,110.5248,0.0,0.1310282624064042,100.02
1.5159,12.82,3.52,1.9,72.86,0.69,7.97,0.0,0.0,2,3.642044419873744,0.1093878656411218,13.51,0.0,6.688,102.1754,0.0,0.0,99.75999999999999
1.51592,12.86,3.52,2.12,72.66,0.69,7.97,0.0,0.0,2,3.6534080530090756,0.10968896078049875,13.549999999999999,0.0,7.462400000000001,102.49419999999999,0.0,0.0,99.82
1.51593,13.25,3.45,1.43,73.17,0.61,7.86,0.0,0.0,2,3.8405785969337396,0.10742107274263944,13.86,0.0,4.9335,104.14500000000001,0.0,0.0,99.77
1.51646,13.41,3.55,1.25,72.81,0.68,8.1,0.0,0.0,2,3.777463724658106,0.11124845335464285,14.09,0.0,4.4375,108.621,0.0,0.0,99.80000000000001
1.51594,13.09,3.52,1.55,72.87,0.68,8.05,0.0,0.09,2,3.7187489435372316,0.11047069973280225,13.77,0.09,5.456,105.37450000000001,0.0,0.08617769624105241,99.85000000000001
1.51409,14.25,3.09,2.08,72.28,1.1,7.08,0.0,0.0,2,4.611648992993853,0.09795240594974536,15.35,0.0,6.4272,100.89,0.0,0.0,99.88
1.51625,13.36,3.58,1.49,72.72,0.45,8.21,0.0,0.0,2,3.731842533004879,0.11289878832647432,13.809999999999999,0.0,5.3342,109.68560000000001,0.0,0.0,99.81
1.51569,13.24,3.49,1.47,73.25,0.38,8.03,0.0,0.0,2,3.7936951880529546,0.1096245718822584,13.620000000000001,0.0,5.1303,106.3172,0.0,0.0,99.86
1.51645,13.4,3.49,1.52,72.65,0.67,8.08,0.0,0.1,2,3.8395404471230807,0.11121816777401007,14.07,0.1,5.3048,108.272,0.0,0.09531017980432495,99.91
1.51618,13.01,3.5,1.48,72.89,0.6,8.12,0.0,0.0,2,3.717141795102344,0.1114007393140247,13.61,0.0,5.18,105.64119999999998,0.0,0.0,99.6
1.5164,12.55,3.48,1.87,73.23,0.63,8.08,0.0,0.09,2,3.6063208027813785,0.11033729195224236,13.180000000000001,0.09,6.5076,101.40400000000001,0.0,0.08617769624105241,99.93
1.51841,12.93,3.74,1.11,72.28,0.64,8.96,0.0,0.22,2,3.457218326946971,0.12396236685165515,13.57,0.22,4.151400000000001,115.8528,0.0,0.19885085874516517,99.88
1.51605,12.9,3.44,1.45,73.06,0.44,8.27,0.0,0.0,2,3.7499989098840376,0.11319463299760972,13.34,0.0,4.9879999999999995,106.68299999999999,0.0,0.0,99.55999999999999
1.51588,13.12,3.41,1.58,73.26,0.07,8.39,0.0,0.19,2,3.8475062030773595,0.11452361296036564,13.19,0.19,5.3878,110.0768,0.0,0.17395330712343798,100.02
1.5159,13.24,3.34,1.47,73.1,0.39,8.22,0.0,0.0,2,3.9640706694399195,0.11244869887211084,13.63,0.0,4.9098,108.8328,0.0,0.0,99.75999999999999
1.51629,12.71,3.33,1.49,73.28,0.67,8.24,0.0,0.0,2,3.8168156706259246,0.11244541331269906,13.38,0.0,4.9617,104.7304,0.0,0.0,99.72
1.5186,13.36,3.43,1.43,72.26,0.51,8.6,0.0,0.0,2,3.8950425961974933,0.11901466760289692,13.87,0.0,4.9049,114.89599999999999,0.0,0.0,99.59
1.51841,13.02,3.62,1.06,72.34,0.64,9.13,0.0,0.15,2,3.5966840893137872,0.1262095641939513,13.66,0.15,3.8372,118.8726,0.0,0.13976194237515863,99.96000000000001
1.51743,12.2,3.25,1.16,73.55,0.62,8.9,0.0,0.24,2,3.753844998816923,0.12100611664165717,12.819999999999999,0.24,3.7699999999999996,108.58,0.0,0.2151113796169455,99.92
1.51689,12.67,2.88,1.71,73.21,0.73,8.54,0.0,0.0,2,4.399304028019435,0.11665072918111284,13.4,0.0,4.924799999999999,108.20179999999999,0.0,0.0,99.74000000000001
1.51811,12.96,2.96,1.43,72.92,0.6,8.79,0.14,0.0,2,4.378376899196994,0.12054305923555869,13.56,0.14,4.2328,113.91839999999999,0.1310282624064042,0.0,99.8
1.51655,12.75,2.85,1.44,73.27,0.57,8.79,0.11,0.22,2,4.4736826408131085,0.11996724280104759,13.32,0.33,4.104,112.07249999999999,0.10436001532424286,0.19885085874516517,99.99999999999999
1.5173,12.35,2.72,1.63,72.87,0.7,9.23,0.0,0.0,2,4.540439507191357,0.1266639203147534,13.049999999999999,0.0,4.4336,113.9905,0.0,0.0,99.50000000000001
1.5182,12.62,2.76,0.83,73.81,0.35,9.42,0.0,0.2,2,4.572462111426771,0.12762498133552388,12.969999999999999,0.2,2.2907999999999995,118.8804,0.0,0.1823215567939546,99.99
1.52725,13.8,3.15,0.66,70.57,0.08,11.64,0.0,0.0,2,4.380950990174289,0.16494260783700432,13.88,0.0,2.079,160.632,0.0,0.0,99.89999999999999
1.5241,13.83,2.9,1.17,71.15,0.08,10.79,0.0,0.0,2,4.768963872771078,0.15165143848697907,13.91,0.0,3.393,149.2257,0.0,0.0,99.92000000000002
1.52475,11.45,0.0,1.88,72.19,0.81,13.24,0.0,0.34,2,11450000.0,0.18340490118569192,12.26,0.34,0.0,151.59799999999998,0.0,0.29266961396282004,99.91
1.53125,10.73,0.0,2.1,69.81,0.58,13.3,3.15,0.28,2,10730000.0,0.190517115162339,11.31,3.4299999999999997,0.0,142.709,1.423108334242607,0.2468600779315258,99.95
1.53393,12.3,0.0,1.0,70.16,0.12,16.19,0.0,0.24,2,12300000.000000002,0.2307582635296713,12.42,0.24,0.0,199.13700000000003,0.0,0.2151113796169455,100.00999999999999
1.52222,14.43,0.0,1.0,72.67,0.1,11.52,0.0,0.08,2,14430000.0,0.1585248361287349,14.53,0.08,0.0,166.2336,0.0,0.0769610411361284,99.79999999999998
1.51818,13.72,0.0,0.56,74.45,0.0,10.99,0.0,0.0,2,13720000.000000002,0.14761584758071394,13.72,0.0,0.0,150.7828,0.0,0.0,99.72
1.52664,11.23,0.0,0.77,73.21,0.0,14.68,0.0,0.0,2,11230000.000000002,0.20051905203498088,11.23,0.0,0.0,164.8564,0.0,0.0,99.88999999999999
1.52739,11.02,0.0,0.75,73.08,0.0,14.96,0.0,0.0,2,11020000.0,0.2047071674232736,11.02,0.0,0.0,164.85920000000002,0.0,0.0,99.81
1.52777,12.64,0.0,0.67,72.02,0.06,14.4,0.0,0.0,2,12640000.000000002,0.19994445709602257,12.700000000000001,0.0,0.0,182.01600000000002,0.0,0.0,99.79
1.51892,13.46,3.83,1.26,72.55,0.57,8.21,0.0,0.14,2,3.514359395728617,0.11316333407080176,14.030000000000001,0.14,4.8258,110.50660000000002,0.0,0.1310282624064042,100.02
1.51847,13.1,3.97,1.19,72.44,0.6,8.43,0.0,0.0,2,3.2997472796606346,0.11637216846532071,13.7,0.0,4.7243,110.43299999999999,0.0,0.0,99.72999999999999
1.51846,13.41,3.89,1.33,72.38,0.51,8.28,0.0,0.0,2,3.4472998850128826,0.11439624047532136,13.92,0.0,5.1737,111.03479999999999,0.0,0.0,99.8
1.51829,13.24,3.9,1.41,72.33,0.55,8.31,0.0,0.1,2,3.3948709243920705,0.11489008551237267,13.790000000000001,0.1,5.499,110.02440000000001,0.0,0.09531017980432495,99.83999999999999
1.51708,13.72,3.68,1.81,72.06,0.64,7.88,0.0,0.0,2,3.728259856451126,0.10935331516301255,14.360000000000001,0.0,6.6608,108.1136,0.0,0.0,99.79
1.51673,13.3,3.64,1.53,72.53,0.65,8.03,0.0,0.29,2,3.653845150042541,0.11071280696659579,13.950000000000001,0.29,5.5692,106.79899999999999,0.0,0.25464221837358075,99.97000000000001
1.51652,13.56,3.57,1.47,72.45,0.64,7.96,0.0,0.0,2,3.798318263776397,0.1098688735697878,14.200000000000001,0.0,5.2479,107.9376,0.0,0.0,99.64999999999999
1.51844,13.25,3.76,1.32,72.4,0.58,8.42,0.0,0.0,2,3.5239352329959486,0.11629834093510578,13.83,0.0,4.9632,111.565,0.0,0.0,99.73
1.51663,12.93,3.54,1.62,72.96,0.64,8.03,0.0,0.21,2,3.6525413410900165,0.11006030550904188,13.57,0.21,5.734800000000001,103.82789999999999,0.0,0.19062035960864968,99.92999999999999
1.51687,13.23,3.54,1.48,72.84,0.56,8.1,0.0,0.0,2,3.7372870798624067,0.1112026343876629,13.790000000000001,0.0,5.2392,107.163,0.0,0.0,99.75
1.51707,13.48,3.48,1.71,72.52,0.62,7.99,0.0,0.0,2,3.8735621052982454,0.11017650151438912,14.1,0.0,5.9508,107.7052,0.0,0.0,99.8
1.52177,13.2,3.68,1.15,72.75,0.54,8.52,0.0,0.0,2,3.586955547022949,0.11711340045204947,13.739999999999998,0.0,4.232,112.46399999999998,0.0,0.0,99.84
1.51872,12.93,3.66,1.56,72.51,0.58,8.55,0.0,0.12,2,3.5327859200038465,0.1179147687503135,13.51,0.12,5.7096,110.5515,0.0,0.11332868530700327,99.91
1.51667,12.94,3.61,1.26,72.75,0.56,8.6,0.0,0.0,2,3.5844865416934786,0.11821305679432224,13.5,0.0,4.5485999999999995,111.28399999999999,0.0,0.0,99.72
1.52081,13.78,2.28,1.43,71.99,0.49,9.85,0.0,0.17,2,6.043856998308334,0.1368245570659181,14.27,0.17,3.2603999999999997,135.73299999999998,0.0,0.1570037488096647,99.98999999999998
1.52068,13.55,2.09,1.67,72.18,0.53,9.57,0.27,0.17,2,6.483250486483021,0.1325852018206539,14.08,0.44000000000000006,3.4902999999999995,129.67350000000002,0.2390169004704999,0.1570037488096647,100.03
1.5202,13.98,1.35,1.63,71.76,0.39,10.56,0.0,0.18,2,10.355547884779345,0.14715718858476604,14.370000000000001,0.18,2.2005,147.6288,0.0,0.16551443847757333,99.85000000000001
1.52177,13.75,1.01,1.36,72.19,0.33,11.14,0.0,0.0,2,13.613847907081281,0.1543149999402272,14.08,0.0,1.3736000000000002,153.175,0.0,0.0,99.78
1.52614,13.7,0.0,1.36,71.24,0.19,13.44,0.0,0.1,2,13700000.0,0.18865805462299196,13.889999999999999,0.1,0.0,184.128,0.0,0.09531017980432495,100.02999999999999
1.51813,13.43,3.98,1.18,72.49,0.58,8.15,0.0,0.0,2,3.3743710114645697,0.1124292990422224,14.01,0.0,4.6964,109.4545,0.0,0.0,99.81
1.518,13.71,3.93,1.54,71.81,0.54,8.21,0.0,0.15,2,3.488548730649178,0.11432947898162543,14.25,0.15,6.0522,112.55910000000002,0.0,0.13976194237515863,99.89000000000001
1.51811,13.33,3.85,1.25,72.78,0.52,8.12,0.0,0.0,2,3.462336763029412,0.11156911086055082,13.85,0.0,4.8125,108.2396,0.0,0.0,99.85000000000001
1.51789,13.19,3.9,1.3,72.33,0.55,8.44,0.0,0.28,2,3.3820504148588677,0.11668740333627259,13.74,0.28,5.07,111.32359999999998,0.0,0.2468600779315258,99.99
1.51806,13.0,3.8,1.08,73.07,0.56,8.38,0.0,0.12,2,3.421051731302176,0.1146845474930266,13.56,0.12,4.104,108.94000000000001,0.0,0.11332868530700327,100.00999999999999
1.51711,12.89,3.62,1.57,72.96,0.61,8.11,0.0,0.0,2,3.560772497024172,0.11115679672208338,13.5,0.0,5.683400000000001,104.5379,0.0,0.0,99.75999999999999
1.51674,12.79,3.52,1.54,73.36,0.66,7.9,0.0,0.0,2,3.6335216950222455,0.1076881119453638,13.45,0.0,5.4208,101.041,0.0,0.0,99.77
1.51674,12.87,3.56,1.64,73.14,0.65,7.99,0.0,0.0,2,3.615167523829347,0.10924254704344344,13.52,0.0,5.8384,102.8313,0.0,0.0,99.85000000000001
1.5169,13.33,3.54,1.61,72.54,0.68,8.11,0.0,0.0,2,3.7655356594532035,0.11180038445271043,14.01,0.0,5.699400000000001,108.10629999999999,0.0,0.0,99.81000000000002
1.51851,13.2,3.63,1.07,72.83,0.57,8.41,0.09,0.17,2,3.6363626346108444,0.11547439083517246,13.77,0.26,3.8841,111.012,0.08617769624105241,0.1570037488096647,99.96999999999998
1.51662,12.85,3.51,1.44,73.01,0.68,8.23,0.06,0.25,2,3.660967617957944,0.11272428280065357,13.53,0.31,5.054399999999999,105.7555,0.05826890812397583,0.22314355131420974,100.03000000000002
1.51709,13.0,3.47,1.79,72.72,0.66,8.18,0.0,0.0,2,3.7463966148712924,0.1124862470780219,13.66,0.0,6.2113000000000005,106.34,0.0,0.0,99.82
1.5166,12.99,3.18,1.23,72.97,0.58,8.81,0.0,0.24,2,4.084904375816234,0.1207345467899884,13.57,0.24,3.9114,114.4419,0.0,0.2151113796169455,100.0
1.51839,12.85,3.67,1.24,72.57,0.62,8.68,0.0,0.35,2,3.5013614437707234,0.11960865206547264,13.469999999999999,0.35,4.5508,111.538,0.0,0.3001045924503381,99.97999999999999
1.51769,13.65,3.66,1.11,72.77,0.11,8.6,0.0,0.0,3,3.7295071777302793,0.11818056729173332,13.76,0.0,4.062600000000001,117.39,0.0,0.0,99.89999999999999
1.5161,13.33,3.53,1.34,72.67,0.56,8.33,0.0,0.0,3,3.776202896259803,0.11462776779100362,13.89,0.0,4.7302,111.0389,0.0,0.0,99.76
1.5167,13.24,3.57,1.38,72.7,0.56,8.44,0.0,0.1,3,3.7086824345427356,0.11609353347876844,13.8,0.1,4.9266,111.7456,0.0,0.09531017980432495,99.99
1.51643,12.16,3.52,1.35,72.89,0.57,8.53,0.0,0.0,3,3.4545444731407744,0.11702565349121068,12.73,0.0,4.752000000000001,103.72479999999999,0.0,0.0,99.02
1.51665,13.14,3.45,1.76,72.48,0.6,8.38,0.0,0.17,3,3.8086945482044787,0.1156180999500814,13.74,0.17,6.072,110.11320000000002,0.0,0.1570037488096647,99.98
1.52127,14.32,3.9,0.83,71.5,0.0,9.49,0.0,0.0,3,3.671793930309249,0.13272727087094727,14.32,0.0,3.2369999999999997,135.8968,0.0,0.0,100.03999999999999
1.51779,13.64,3.65,0.65,73.0,0.06,8.93,0.0,0.0,3,3.73698527753828,0.12232876544755115,13.700000000000001,0.0,2.3725,121.8052,0.0,0.0,99.93
1.5161,13.42,3.4,1.22,72.69,0.59,8.32,0.0,0.0,3,3.9470576626300993,0.1144586584886689,14.01,0.0,4.148,111.65440000000001,0.0,0.0,99.63999999999999
1.51694,12.86,3.58,1.31,72.61,0.61,8.79,0.0,0.0,3,3.5921777675481095,0.12105770388296785,13.469999999999999,0.0,4.6898,113.03939999999999,0.0,0.0,99.75999999999999
1.51646,13.04,3.4,1.26,73.01,0.52,8.58,0.0,0.0,3,3.8352929896197088,0.11751814658925973,13.559999999999999,0.0,4.284,111.88319999999999,0.0,0.0,99.81
1.51655,13.41,3.39,1.28,72.64,0.52,8.65,0.0,0.0,3,3.955751045501166,0.11908039483644832,13.93,0.0,4.3392,115.99650000000001,0.0,0.0,99.89
1.52121,14.03,3.76,0.58,71.79,0.11,9.65,0.0,0.0,3,3.731381986334578,0.13441983375930028,14.139999999999999,0.0,2.1807999999999996,135.3895,0.0,0.0,99.92
1.51776,13.53,3.41,1.52,72.04,0.58,8.79,0.0,0.0,3,3.967740771923527,0.12201554522465927,14.11,0.0,5.1832,118.92869999999998,0.0,0.0,99.87
1.51796,13.5,3.36,1.63,71.94,0.57,8.81,0.0,0.09,3,4.017855947066683,0.1224631620452716,14.07,0.09,5.476799999999999,118.935,0.0,0.08617769624105241,99.89999999999999
1.51832,13.33,3.34,1.54,72.14,0.56,8.99,0.0,0.0,3,3.991016769156656,0.1246187950565734,13.89,0.0,5.1436,119.83670000000001,0.0,0.0,99.89999999999999
1.51934,13.64,3.54,0.75,72.65,0.16,8.89,0.15,0.24,3,3.8531062561846734,0.1223675138008601,13.8,0.39,2.6550000000000002,121.2596,0.13976194237515863,0.2151113796169455,100.02000000000001
1.52211,14.19,3.78,0.91,71.36,0.23,9.14,0.0,0.37,3,3.7539672608552217,0.1280829578463711,14.42,0.37,3.4398,129.6966,0.0,0.3148107398400336,99.98
1.51514,14.01,2.68,3.5,69.89,1.68,5.87,2.2,0.0,5,5.227609989697765,0.08398912456733261,15.69,2.2,9.38,82.2387,1.1631508098056809,0.0,99.83000000000001
1.51915,12.73,1.85,1.86,72.69,0.6,10.09,0.0,0.0,5,6.881077361579805,0.13880863751810926,13.33,0.0,3.4410000000000003,128.44570000000002,0.0,0.0,99.82
1.52171,11.56,1.88,1.56,72.86,0.47,11.41,0.0,0.0,5,6.1489328995037775,0.15660169974469257,12.030000000000001,0.0,2.9328,131.89960000000002,0.0,0.0,99.74
1.52151,11.03,1.71,1.56,73.44,0.58,11.62,0.0,0.0,5,6.450288625562207,0.15822439871698804,11.61,0.0,2.6676,128.1686,0.0,0.0,99.94
1.51969,12.64,0.0,1.65,73.75,0.38,11.53,0.0,0.0,5,12640000.000000002,0.15633898093099688,13.020000000000001,0.0,0.0,145.7392,0.0,0.0,99.95
1.51666,12.86,0.0,1.83,73.88,0.97,10.17,0.0,0.0,5,12860000.0,0.13765565596026455,13.83,0.0,0.0,130.78619999999998,0.0,0.0,99.71
1.51994,13.27,0.0,1.76,73.03,0.47,11.32,0.0,0.0,5,13270000.0,0.1550047904285254,13.74,0.0,0.0,150.2164,0.0,0.0,99.85
1.52369,13.44,0.0,1.58,72.22,0.32,12.24,0.0,0.0,5,13440000.0,0.16948213556518782,13.76,0.0,0.0,164.5056,0.0,0.0,99.79999999999998
1.51316,13.02,0.0,3.04,70.48,6.21,6.96,0.0,0.0,5,13020000.0,0.09875141744109793,19.23,0.0,0.0,90.61919999999999,0.0,0.0,99.71
1.51321,13.0,0.0,3.02,70.7,6.21,6.93,0.0,0.0,5,13000000.0,0.09801980059377934,19.21,0.0,0.0,90.09,0.0,0.0,99.85999999999999
1.52043,13.38,0.0,1.4,72.25,0.33,12.5,0.0,0.0,5,13380000.000000002,0.17301037822823007,13.71,0.0,0.0,167.25,0.0,0.0,99.86
1.52058,12.85,1.61,2.17,72.18,0.76,9.7,0.24,0.51,5,7.9813615022599365,0.13438625471894908,13.61,0.75,3.4937,124.64499999999998,0.2151113796169455,0.41210965082683293,100.02000000000001
1.52119,12.97,0.33,1.51,73.39,0.13,11.27,0.0,0.28,5,39.30291120329939,0.15356315365086315,13.100000000000001,0.28,0.4983,146.1719,0.0,0.2468600779315258,99.88
1.51905,14.0,2.39,1.56,72.37,0.0,9.57,0.0,0.0,6,5.8577381348376,0.132237112999349,14.0,0.0,3.7284,133.98000000000002,0.0,0.0,99.89000000000001
1.51937,13.79,2.41,1.19,72.76,0.0,9.77,0.0,0.0,6,5.721989326975382,0.13427707347062845,13.79,0.0,2.8679,134.7283,0.0,0.0,99.92
1.51829,14.46,2.24,1.62,72.38,0.0,9.26,0.0,0.0,6,6.455354261002562,0.1279358921257821,14.46,0.0,3.6288000000000005,133.8996,0.0,0.0,99.96000000000001
1.51852,14.09,2.19,1.66,72.67,0.0,9.32,0.0,0.0,6,6.433787016535608,0.12825099589581676,14.09,0.0,3.6353999999999997,131.3188,0.0,0.0,99.93
1.51299,14.4,1.74,1.54,74.55,0.0,7.59,0.0,0.0,6,8.275857312725684,0.10181086382547466,14.4,0.0,2.6796,109.296,0.0,0.0,99.82
1.51888,14.99,0.78,1.74,72.5,0.0,9.95,0.0,0.0,6,19.217924079584513,0.1372413774173603,14.99,0.0,1.3572,149.1505,0.0,0.0,99.96
1.51916,14.15,0.0,2.09,72.74,0.0,10.88,0.0,0.0,6,14150000.000000002,0.1495738225244182,14.15,0.0,0.0,153.95200000000003,0.0,0.0,99.85999999999999
1.51969,14.56,0.0,0.56,73.48,0.0,11.22,0.0,0.0,6,14560000.000000002,0.1526946087004,14.56,0.0,0.0,163.3632,0.0,0.0,99.82000000000001
1.51115,17.38,0.0,0.34,75.41,0.0,6.65,0.0,0.0,6,17380000.0,0.08818458973366147,17.38,0.0,0.0,115.577,0.0,0.0,99.78
1.51131,13.69,3.2,1.81,72.81,1.76,5.43,1.19,0.0,7,4.278123663086355,0.0745776668784828,15.45,1.19,5.792000000000001,74.3367,0.7839015438284094,0.0,99.89000000000001
1.51838,14.32,3.26,2.22,71.25,1.46,5.79,1.63,0.0,7,4.392636689375249,0.08126315675420132,15.780000000000001,1.63,7.2372000000000005,82.9128,0.9669838461896731,0.0,99.92999999999999
1.52315,13.44,3.34,1.23,72.38,0.6,8.83,0.0,0.0,7,4.023950891032667,0.12199502456486566,14.04,0.0,4.1082,118.67519999999999,0.0,0.0,99.82
1.52247,14.86,2.2,2.06,70.26,0.76,9.76,0.0,0.0,7,6.754542384298915,0.13891260832746075,15.62,0.0,4.532000000000001,145.03359999999998,0.0,0.0,99.9
1.52365,15.79,1.83,1.31,70.43,0.31,8.61,1.68,0.0,7,8.628410585567986,0.12224903986583784,16.099999999999998,1.68,2.3973,135.9519,0.9858167945227652,0.0,99.96000000000001
1.51613,13.88,1.78,1.79,73.1,0.0,8.67,0.76,0.0,7,7.797748428231221,0.11860464954029208,13.88,0.76,3.1862,120.3396,0.5653138090500605,0.0,99.98
1.51602,14.85,0.0,2.38,73.28,0.0,8.76,0.64,0.09,7,14850000.0,0.11954148308485968,14.85,0.73,0.0,130.08599999999998,0.4946962418361071,0.08617769624105241,100.00000000000001
1.51623,14.2,0.0,2.79,73.46,0.04,9.04,0.4,0.09,7,14200000.0,0.12306016712414693,14.239999999999998,0.49,0.0,128.368,0.33647223662121284,0.08617769624105241,100.02000000000001
1.51719,14.75,0.0,2.0,73.02,0.0,8.53,1.59,0.08,7,14750000.0,0.1168173087261393,14.75,1.6700000000000002,0.0,125.8175,0.9516578757114462,0.0769610411361284,99.97
1.51683,14.56,0.0,1.98,73.29,0.0,8.52,1.57,0.07,7,14560000.000000002,0.11625051007981292,14.56,1.6400000000000001,0.0,124.0512,0.9439058989071285,0.06765864847381486,99.99
1.51545,14.14,0.0,2.68,73.39,0.08,9.07,0.61,0.05,7,14140000.000000002,0.12358631797811258,14.22,0.66,0.0,128.24980000000002,0.47623417899637155,0.04879016416943205,100.02000000000001
1.51556,13.87,0.0,2.54,73.23,0.14,9.41,0.81,0.01,7,13870000.0,0.12849924718695552,14.01,0.8200000000000001,0.0,130.5167,0.5933268452777344,0.009950330853168092,100.01
1.51727,14.7,0.0,2.34,73.28,0.0,8.95,0.66,0.0,7,14700000.0,0.12213427780930297,14.7,0.66,0.0,131.56499999999997,0.5068176023684519,0.0,99.92999999999999
1.51531,14.38,0.0,2.66,73.1,0.04,9.08,0.64,0.0,7,14380000.000000002,0.1242134045935239,14.42,0.64,0.0,130.5704,0.4946962418361071,0.0,99.89999999999999
1.51609,15.01,0.0,2.51,73.05,0.05,8.83,0.53,0.0,7,15010000.0,0.12087611059717851,15.06,0.53,0.0,132.5383,0.4252677354043441,0.0,99.97999999999999
1.51508,15.15,0.0,2.25,73.5,0.0,8.34,0.63,0.0,7,15150000.000000002,0.11346938621130087,15.15,0.63,0.0,126.351,0.48858001481867086,0.0,99.87
1.51653,11.95,0.0,1.19,75.18,2.7,8.93,0.0,0.0,7,11950000.0,0.11878158926866733,14.649999999999999,0.0,0.0,106.7135,0.0,0.0,99.95000000000002
1.51514,14.85,0.0,2.42,73.72,0.0,8.39,0.56,0.0,7,14850000.0,0.11380900550991584,14.85,0.56,0.0,124.59150000000001,0.4446858212614457,0.0,99.94
1.51658,14.8,0.0,1.99,73.11,0.0,8.28,1.71,0.0,7,14800000.000000002,0.11325399927159076,14.8,1.71,0.0,122.544,0.9969486348916095,0.0,99.89
1.51617,14.95,0.0,2.27,73.3,0.0,8.71,0.67,0.0,7,14950000.0,0.11882673780591083,14.95,0.67,0.0,130.21450000000002,0.5128236264286636,0.0,99.89999999999999
1.51732,14.95,0.0,1.8,72.99,0.0,8.61,1.55,0.0,7,14950000.0,0.11796136295435865,14.95,1.55,0.0,128.71949999999998,0.9360933591703346,0.0,99.89999999999999
1.51645,14.94,0.0,1.87,73.11,0.0,8.67,1.38,0.0,7,14940000.0,0.11858842677351353,14.94,1.38,0.0,129.5298,0.8671004876833832,0.0,99.97
1.51831,14.39,0.0,1.82,72.86,1.41,6.47,2.88,0.0,7,14390000.000000002,0.08880043797968105,15.8,2.88,0.0,93.1033,1.355835153635182,0.0,99.82999999999998
1.5164,14.37,0.0,2.74,72.85,0.0,9.45,0.54,0.0,7,14370000.0,0.12971859808210573,14.37,0.54,0.0,135.79649999999998,0.4317824164255378,0.0,99.95
1.51623,14.14,0.0,2.88,72.61,0.08,9.18,1.06,0.0,7,14140000.000000002,0.12642886480610296,14.22,1.06,0.0,129.8052,0.7227059828014897,0.0,99.94999999999999
1.51685,14.92,0.0,1.99,73.06,0.0,8.4,1.59,0.0,7,14920000.0,0.11497399240385996,14.92,1.59,0.0,125.328,0.9516578757114462,0.0,99.96000000000001
1.52065,14.36,0.0,2.02,73.42,0.0,8.44,1.64,0.0,7,14360000.0,0.11495505155332264,14.36,1.64,0.0,121.19839999999999,0.9707789171582246,0.0,99.88
1.51651,14.38,0.0,1.94,73.61,0.0,8.48,1.57,0.0,7,14380000.000000002,0.11520173732914364,14.38,1.57,0.0,121.9424,0.9439058989071285,0.0,99.98
1.51711,14.23,0.0,2.08,73.36,0.0,8.62,1.67,0.0,7,14230000.000000002,0.11750272467962479,14.23,1.67,0.0,122.6626,0.9820784724121581,0.0,99.96000000000001
